time,t_ms,vtx_temp_C,core_temp_C,warnings,current_A,link_quality,mah,disarmed,rssi_dbm,cell_V,throttle,timer2,flight_mode,rate_profile
00:00:00.000,0,,56,,0.78,{7:100,1,,-50,3.69,0,00:00,ANGL,INDOOR
00:00:00.115,115,,56,,0.70,{7:100,1,,-50,3.69,0,00:01,ANGL,INDOOR
00:00:00.260,260,,56,,0.70,{7:100,1,,-50,3.69,4,00:01,ANGL,INDOOR
00:00:00.410,410,,56,,1.10,{7:100,1,,-50,3.67,9,00:01,ANGL,INDOOR
00:00:00.563,563,,56,,1.53,{7:99,1,,-50,3.66,9,00:01,ANGL,INDOOR
00:00:00.711,711,,56,,1.57,{7:99,2,,-50,3.65,9,00:01,ANGL,INDOOR
00:00:00.854,854,,56,,1.31,{7:100,2,,-50,3.65,9,00:01,ANGL,INDOOR
00:00:01.006,1006,,56,,1.25,{7:100,2,,-50,3.65,12,00:01,ANGL,INDOOR
00:00:01.165,1165,,58,,1.55,{7:100,2,,-50,3.64,18,00:02,ANGL,INDOOR
00:00:01.306,1306,,58,,1.93,{7:100,2,,-50,3.62,22,00:02,ANGL,INDOOR
00:00:01.460,1460,,58,,2.85,{7:95,2,,-50,3.59,33,00:02,ANGL,INDOOR
00:00:01.617,1617,,58,,3.65,{7:94,2,,-50,3.55,34,00:02,ANGL,INDOOR
00:00:01.762,1762,,58,,4.02,{7:97,2,,-49,3.51,33,00:02,ANGL,INDOOR
00:00:01.903,1903,,58,,3.92,{7:99,2,,-49,3.50,31,00:02,ANGL,INDOOR
00:00:02.064,2064,,57,,3.65,{7:100,3,,-49,3.50,29,00:02,ANGL,INDOOR
00:00:02.205,2205,,57,LOW BATTERY,3.51,{7:100,3,,-50,3.49,29,00:03,ANGL,INDOOR
00:00:02.361,2361,,57,,3.43,{7:100,3,,-50,,29,00:03,ANGL,INDOOR
00:00:02.505,2505,,57,,3.43,{7:100,3,,-50,,29,00:03,ANGL,INDOOR
00:00:02.665,2665,,57,LOW BATTERY,3.38,{7:97,3,,-50,3.48,29,00:03,ANGL,INDOOR
00:00:02.815,2815,,57,LOW BATTERY,3.38,{7:97,3,,-51,3.48,29,00:03,ANGL,INDOOR
00:00:02.962,2962,,57,,3.38,{7:99,3,,-52,,29,00:03,ANGL,INDOOR
00:00:03.109,3109,,57,LOW BATTERY,3.55,{7:100,4,,-53,3.47,30,00:04,ANGL,INDOOR
00:00:03.262,3262,,57,LOW BATTERY,3.59,{7:100,4,,-54,3.47,30,00:04,ANGL,INDOOR
00:00:03.412,3412,,57,,3.63,{7:100,4,,-55,,30,00:04,ANGL,INDOOR
00:00:03.562,3562,,57,,3.65,{7:100,4,,-57,,30,00:04,ANGL,INDOOR
00:00:03.711,3711,,57,LOW BATTERY,7.17,{7:100,4,,-58,3.38,30,00:04,ANGL,INDOOR
00:00:03.863,3863,,57,,4.94,{7:100,5,,-60,,30,00:04,ANGL,INDOOR
00:00:04.022,4022,,56,,4.12,{7:100,5,,,,30,00:04,ANGL,INDOOR
00:00:04.160,4160,,56,LOW BATTERY,3.92,{7:100,5,,-63,3.41,30,00:05,ANGL,INDOOR
00:00:04.302,4302,,56,LOW BATTERY,3.76,{7:99,5,,-62,3.41,30,00:05,ANGL,INDOOR
00:00:04.454,4454,,56,,3.63,{7:98,5,,,,30,00:05,ANGL,INDOOR
00:00:04.586,4586,,56,,3.61,{7:98,5,,,,30,00:05,ANGL,INDOOR
00:00:04.745,4745,,56,LOW BATTERY,3.61,{7:96,5,,-62,3.42,30,00:05,ANGL,INDOOR
00:00:04.890,4890,,56,,3.59,{7:96,6,,,,30,00:05,ANGL,INDOOR
00:00:05.043,5043,,56,,3.59,{7:98,6,,,,30,00:05,ANGL,INDOOR
00:00:05.197,5197,,56,LOW BATTERY,3.59,{7:98,6,,-63,3.42,30,00:06,ANGL,INDOOR
00:00:05.343,5343,,56,LOW BATTERY,3.59,{7:96,6,,-63,3.42,30,00:06,ANGL,INDOOR
00:00:05.490,5490,,56,,3.59,{7:97,6,,,,30,00:06,ANGL,INDOOR
00:00:05.640,5640,,56,LOW BATTERY,3.57,{7:97,6,,-64,3.42,30,00:06,AIR,INDOOR
00:00:05.788,5788,,56,LOW BATTERY,3.57,{7:100,7,,-65,3.42,30,00:06,AIR,INDOOR
00:00:05.946,5946,,56,,3.57,{7:99,7,,,,30,00:06,AIR,INDOOR
00:00:06.088,6088,,56,,3.59,{7:99,7,,,,31,00:06,AIR,INDOOR
00:00:06.242,6242,,56,LOW BATTERY,3.57,{7:99,7,,-67,3.41,31,00:07,AIR,INDOOR
00:00:06.394,6394,,56,,3.57,{7:98,7,,,,31,00:07,AIR,INDOOR
00:00:06.551,6551,,56,,5.31,{7:98,7,,,,53,00:07,AIR,INDOOR
00:00:06.692,6692,,56,LOW BATTERY,6.58,{7:98,8,,-69,3.33,53,00:07,AIR,INDOOR
00:00:06.848,6848,,56,LOW BATTERY,6.87,{7:100,8,,-68,3.30,52,00:07,AIR,INDOOR
00:00:06.993,6993,,56,,7.04,{7:100,8,,,,52,00:07,AIR,INDOOR
00:00:07.141,7141,,56,LAND NOW,6.35,{7:100,9,,-66,3.26,33,00:07,AIR,INDOOR
00:00:07.295,7295,,56,LAND NOW,3.57,{7:99,9,,-66,3.33,10,00:08,AIR,INDOOR
00:00:07.448,7448,,56,,1.91,{7:99,9,,,,10,00:08,AIR,INDOOR
00:00:07.598,7598,,56,,1.48,{7:99,9,,,,5,00:08,AIR,INDOOR
00:00:07.742,7742,,56,LOW BATTERY,1.07,{7:100,9,,-65,3.49,7,00:08,AIR,INDOOR
00:00:07.898,7898,,56,,1.18,{7:100,9,,,,9,00:08,AIR,INDOOR
00:00:08.045,8045,,55,,1.63,{7:100,9,,,3.53,14,00:08,AIR,INDOOR
00:00:08.202,8202,,55,,3.38,{7:100,9,,-64,3.48,14,00:09,AIR,INDOOR
00:00:08.340,8340,,55,,3.06,{7:100,9,,-64,3.48,14,00:09,AIR,INDOOR
00:00:08.490,8490,,55,,2.11,{7:100,9,,,,15,00:09,AIR,INDOOR
00:00:08.648,8648,,55,* * * *,2.37,{7:100,9,,-63,3.50,14,00:09,AIR,INDOOR
00:00:08.789,8789,,55,LOW BATTERY,7.08,{7:100,10,,-63,3.37,17,00:09,AIR,INDOOR
00:00:08.940,8940,,55,,5.27,{7:100,10,,,,30,00:09,AIR,INDOOR
00:00:09.101,9101,,55,LOW BATTERY,3.48,{7:98,10,,-60,3.39,19,00:09,AIR,INDOOR
00:00:09.242,9242,,55,LOW BATTERY,2.87,{7:97,10,,-59,3.41,19,00:10,AIR,INDOOR
00:00:09.392,9392,,55,,2.29,{7:97,10,,-58,,20,00:10,AIR,INDOOR
00:00:09.548,9548,,55,,4.00,{7:99,10,,-56,,51,00:10,AIR,INDOOR
00:00:09.690,9690,,55,LOW BATTERY,9.84,{7:100,11,,-58,3.25,53,00:10,AIR,INDOOR
00:00:09.840,9840,,55,LAND NOW,9.17,{7:100,11,,-60,3.22,52,00:10,AIR,INDOOR
00:00:09.996,9996,,55,,7.02,{7:100,12,,,,42,00:10,AIR,INDOOR
00:00:10.147,10147,,55,LAND NOW,5.80,{7:100,12,,-63,3.22,41,00:10,AIR,INDOOR
00:00:10.290,10290,,55,LAND NOW,5.33,{7:100,12,,-62,3.22,39,00:11,AIR,INDOOR
00:00:10.444,10444,,55,,4.96,{7:100,12,,,,39,00:11,AIR,INDOOR
00:00:10.597,10597,,55,LAND NOW,4.71,{7:100,12,,-61,3.24,36,00:11,AIR,INDOOR
00:00:10.743,10743,,55,LAND NOW,4.52,{7:100,13,,-61,3.25,35,00:11,AIR,INDOOR
00:00:10.897,10897,,55,,4.36,{7:100,13,,,,35,00:11,AIR,INDOOR
00:00:11.046,11046,,55,,3.82,{7:100,13,,,,23,00:11,AIR,INDOOR
00:00:11.186,11186,,55,LOW BATTERY,2.48,{7:100,13,,-62,3.33,16,00:12,AIR,INDOOR
00:00:11.341,11341,,55,LOW BATTERY,2.19,{7:100,13,,-62,3.36,16,00:12,AIR,INDOOR
00:00:11.497,11497,,55,,1.89,{7:100,13,,,,16,00:12,AIR,INDOOR
00:00:11.640,11640,,,ERY,,,,T,,,,,,
00:00:11.792,11792,,,ERY,,,,T,,,,,,
00:00:11.944,11944,,,ERY,,,,T,,,,,,
00:00:12.088,12088,,,ERY,,,,T,,,,,,
00:00:12.247,12247,,,ERY,,,,T,,,,,,
00:00:12.392,12392,,,ERY,,,,T,,,,,,
00:00:12.544,12544,,,ERY,,,,T,,,,,,
00:00:12.689,12689,,,ERY,,,,T,,,,,,
00:00:12.847,12847,,,ERY,,,,T,,,,,,
00:00:13.000,13000,,,ERY,,,,T,,,,,,
00:00:13.145,13145,,,ERY,,,,T,,,,,,
00:00:13.297,13297,,,ERY,,,,T,,,,,,
00:00:13.435,13435,,,ERY,,,,T,,,,,,
00:00:13.591,13591,,,ERY,,,,T,,,,,,
