t,x,y,vx,vy,alt,quality,points
1785715964.7810988,0.0,0.0,0,0,2.0,0,0
1785715964.8211238,0.0,0.0,0.0,0.0,2.0,1.0,60
1785715964.8562646,0.0,0.0,0.0,0.0,2.0,1.0,60
1785715964.8914578,0.0,0.0,0.0,0.0,2.0,1.0,60
1785715964.926537,0.0,0.0,0.0,0.0,2.0,1.0,60
1785715964.9615593,-0.0013722925528337779,7.328832908505589e-08,-0.039169274431242455,2.0918649369712615e-06,2.0,1.0,60
1785715964.9965525,-0.002332683749759719,1.245787525048678e-07,-0.027418492101869717,1.4643054558798829e-06,2.0,1.0,60
1785715965.0317233,-0.0030070331318213725,1.6059289491843875e-07,-0.0191929444713088,1.025013819115918e-06,2.0,1.0,60
1785715965.066863,-0.0034776650160205464,1.8572734918322617e-07,-0.01343506112991616,7.175096733811425e-07,2.0,1.0,60
1785715965.1018527,-0.003808148013449919,2.0337704539603752e-07,-0.00940454279094131,5.022567713667997e-07,2.0,1.0,60
1785715965.1369965,-0.0054115426725156535,1.3195778415777887e-07,-0.04568675606682243,-2.035003888915424e-06,2.0,1.0,60
1785715965.1720197,-0.0065314559060114475,8.207401079294568e-08,-0.0319807292467757,-1.4245027222407969e-06,2.0,1.0,60
1785715965.2071562,-0.007315838646234099,4.7135615858173686e-08,-0.022386510472742992,-9.971519055685578e-07,2.0,1.0,60
1785715965.24222,-0.007866799693076734,2.2594414654792715e-08,-0.015670557330920095,-6.980063338979905e-07,2.0,1.0,60
1785715965.2772512,-0.008251198945492776,5.472297855370891e-09,-0.010969390131644066,-4.886044337285933e-07,2.0,1.0,60
1785715965.3122776,-0.008520193689126878,-6.509409679139958e-09,-0.007678573092150846,-3.420231036100153e-07,2.0,1.0,60
1785715965.3473206,-0.008708595789694474,-1.4901316663608893e-08,-0.005375001164505592,-2.394161725270107e-07,2.0,1.0,60
1785715965.3823273,-0.008840343834288208,-2.0769708429334395e-08,-0.003762500815153914,-1.6759132076890748e-07,2.0,1.0,60
1785715965.4173205,-0.008932541633678334,-2.4876432050375203e-08,-0.0026337505706077397,-1.1731392453823523e-07,2.0,1.0,60
1785715965.4523191,-0.008997058331096795,-2.775016924358974e-08,-0.0018436253994254176,-8.211974717676465e-08,2.0,1.0,60
1785715965.4873567,-0.0090422247310435,-2.9761995152293302e-08,-0.0012905377795977924,-5.748382302373525e-08,2.0,1.0,60
1785715965.5224128,-0.00907387782304658,0.0013724603063943561,-0.0009033764457184546,0.03917074514063177,2.0,1.0,60
1785715965.5574608,-0.00909604173476737,0.0023334959205607623,-0.0006323635120029182,0.027419521598442236,2.0,1.0,60
1785715965.5925257,-0.009111599312627823,0.0030080783941968526,-0.0004426544584020427,0.019193665118909565,2.0,1.0,60
1785715965.6275213,-0.009122435479029144,0.0034779386771601195,-0.00030985812088142985,0.013435565583236695,2.0,1.0,60
1785715965.6625247,-0.00913002591870421,0.003807063018874493,-0.00021690068461700088,0.009404895908265687,2.0,1.0,60
1785715965.6975348,-0.009135345293319063,0.004037713118656808,-0.0001518304792319006,0.00658342713578598,2.0,1.0,60
1785715965.7325737,-0.009139070641182167,0.004199245614215492,-0.00010628133546233041,0.004608398995050186,2.0,1.0,60
1785715965.7675774,-0.009141671828605247,0.0043120340869451,-7.439693482363128e-05,0.00322587929653513,2.0,1.0,60
1785715965.802727,-0.009143501807276529,0.004391382655844898,-5.207785437654189e-05,0.0022581155075745906,2.0,1.0,60
1785715965.8378222,-0.009144779759186367,0.004446795135104839,-3.645449806357932e-05,0.0015806808553022133,2.0,1.0,60
1785715965.8728628,-0.009145675920075813,0.004485653010990188,-2.5518148644505523e-05,0.0011064765987115492,2.0,1.0,60
1785715965.9078565,-0.009146300715593343,0.004512744381479366,-1.7862704051153867e-05,0.0007745336190980844,2.0,1.0,60
1785715965.942897,-0.009146738784302232,0.0045317392067610604,-1.2503892835807706e-05,0.0005421735333686591,2.0,1.0,60
1785715965.9779663,-0.007774491110727011,0.004545055448417057,0.03917153996666846,0.00038011920317173605,2.0,1.0,60
1785715966.0129294,-0.006813663993825339,0.004554379279912404,0.027420077976667918,0.0002660834422202152,2.0,1.0,60
1785715966.0479174,-0.006142697754042441,0.004560890311968801,0.01919405458366754,0.00018625840955415065,2.0,1.0,60
1785715966.0829072,-0.005672532482915042,0.004565452778707971,0.013435838208567277,0.00013038088668790545,2.0,1.0,60
1785715966.117903,-0.0053432546776450065,0.004568648078588136,0.009405086745997092,9.126662068153381e-05,2.0,1.0,60
1785715966.152879,-0.005113020080264978,0.004570882266771013,0.006583560722197964,6.388663447707367e-05,2.0,1.0,60
1785715966.1878977,-0.003579522737564655,0.004572333839075018,0.0438450315960146,4.1502669591154235e-05,2.0,1.0,60
1785715966.2229123,-0.0025047236182491684,0.004573351218492983,0.030691522117210216,2.905186871380796e-05,2.0,1.0,60
1785715966.2579837,-0.0017513500579361288,0.005946341192273147,0.02148406548204715,0.03915375858243627,2.0,1.0,60
1785715966.2929714,-0.0012249465552329427,0.006905688280421449,0.015038845837433003,0.027407631007705387,2.0,1.0,60
1785715966.3279803,-0.0008564815258460665,0.007577199490380271,0.010527192086203101,0.01918534170539377,2.0,1.0,60
1785715966.3629673,-0.0005984935158620479,0.008047371221541599,0.007369034460342171,0.013429739193775637,2.0,1.0,60
1785715966.3979673,-0.0004180061843962785,0.008376301395828404,0.0051583241222395194,0.009400817435642946,2.0,1.0,60
1785715966.4329917,-0.0002914120633943065,0.008607013579041999,0.003610826885567663,0.006580572204950062,2.0,1.0,60
1785715966.4679756,-0.00020304852457983888,0.008768052218079964,0.002527578819897364,0.004606400543465043,2.0,1.0,60
1785715966.5029755,-0.00014114587453788494,0.008880867058333596,0.0017693051739281545,0.00322448038042553,2.0,1.0,60
1785715966.5380237,0.0012743628669294575,0.008959909422211212,0.04044274060348864,0.002258332799609028,2.0,1.0,60
1785715966.5730596,0.0022679594993030333,0.00901539210787957,0.028309918422442047,0.0015808329597263194,2.0,1.0,60
1785715966.6080353,0.002961296584652328,0.009054108224979077,0.01981694289570943,0.0011065830718084235,2.0,1.0,60
1785715966.6430454,0.003446460366871112,0.009081199892512423,0.013871860026996601,0.0007746081502658964,2.0,1.0,60
1785715966.678027,0.003786432207882015,0.009100184005558218,0.00971030201889762,0.0005422257051861274,2.0,1.0,60
1785715966.7130523,0.005396893118019172,0.009113503049437236,0.04603869271204355,0.0003807552015106588,2.0,1.0,60
1785715966.748047,0.006526064816326436,0.009122841672499759,0.03222708489843048,0.0002665286410574611,2.0,1.0,60
1785715966.783038,0.007315299644623078,0.009129368905320354,0.022558959428901335,0.00018657004874022277,2.0,1.0,60
1785715966.818035,0.007867861551323223,0.009133938774874397,0.015791271600230933,0.00013059903411815593,2.0,1.0,60
1785715966.8530803,0.008254771659310205,0.009137138649315979,0.011053890120161653,9.141932388270915e-05,2.0,1.0,60
1785715966.8880687,0.008525912688137436,0.009139381075218788,0.007737723084113157,6.39935267178964e-05,2.0,1.0,60
1785715966.9230819,0.008715418684062844,0.00914094835242445,0.00541640615887921,4.4795468702527474e-05,2.0,1.0,60
1785715966.9580555,0.008848169522353788,0.009142046245722601,0.0037914843112154466,3.135682809176923e-05,2.0,1.0,60
1785715966.9930415,0.00894101499433625,0.009142814108455263,0.0026540390178508124,2.194977966423846e-05,2.0,1.0,60
1785715967.0280302,0.009005996517497639,0.009143351527123958,0.0018578273124955685,1.5364845764966922e-05,2.0,1.0,60
1785715967.0630195,0.009051498210199228,0.00914372784115794,0.001300479118746898,1.0755392035476845e-05,2.0,1.0,60
1785715967.0980256,0.009083350960867405,0.00914399127393122,0.0009103353831228285,7.5287744248337915e-06,2.0,1.0,60
1785715967.1330495,0.009105690402638832,0.009144176028496397,0.0006372347681859799,5.270142097383654e-06,2.0,1.0,60
1785715967.168008,0.009121281495397489,0.009144304971985349,0.00044606433773018586,3.689099468168557e-06,2.0,1.0,60
1785715967.2030456,0.009132215305210918,0.009144395398205416,0.0003122450364111301,2.5823696277179897e-06,2.0,1.0,60
1785715967.2380462,0.009139865509907391,0.00914445866792615,0.00021857152548779104,1.8076587394025926e-06,2.0,1.0,60
1785715967.2730355,0.009145220218215703,0.009144502953133241,0.0001530000678414537,1.2653611175818147e-06,2.0,1.0,60
1785715967.3081615,0.009148983386800919,0.009144534075780923,0.00010710004748901759,8.857527823072703e-07,2.0,1.0,60
1785715967.3433282,0.00915161384288927,0.009144555830521968,7.497003324231231e-05,6.200269476150892e-07,2.0,1.0,60
1785715967.3784027,0.009153458439780994,0.00914457108594778,5.247902326961862e-05,4.340188633305624e-07,2.0,1.0,60
1785715967.4134169,0.009154743669491504,0.009144581715222172,3.673531628873303e-05,3.038132043313937e-07,2.0,1.0,60
1785715967.448451,0.009155645376897817,0.009144589172640378,2.571472140211312e-05,2.1266924303197556e-07,2.0,1.0,60
1785715967.483466,0.009156275042542322,0.009144594380183321,1.8000304981479182e-05,1.4886847012238288e-07,2.0,1.0,60
1785715967.5185943,0.009156717583838358,0.00914459804014607,1.2600213487035428e-05,1.0420792908566801e-07,2.0,1.0,60
1785715967.5536358,0.007784377957697381,0.009144600594839373,-0.03918516137772247,7.294555035996761e-08,2.0,1.0,60
1785715967.5886188,0.006823227093629491,0.0091446023840799,-0.027429612964405724,5.1061885251977324e-08,2.0,1.0,60
1785715967.6235847,0.00615152883322749,0.009144603634486879,-0.019200729075084005,3.574331967638412e-08,2.0,1.0,60
1785715967.6587036,0.005680172823265675,0.00914460451194463,-0.013440510352558803,2.5020323773468882e-08,2.0,1.0,60
1785715967.6937475,0.005350197733901516,0.009144605126213236,-0.009408357246791161,1.7514226641428216e-08,2.0,1.0,60
1785715967.7287722,0.005119774934921674,0.0077721664258232,-0.006583457003191483,-0.0392122273209788,2.0,1.0,60
1785715967.7637832,0.003586003374540808,0.006811211153815581,-0.04380895196413648,-0.02744766198469061,2.0,1.0,60
1785715967.7988343,0.002510778940287859,0.006137549824203884,-0.030666266374895532,-0.019213363389283426,2.0,1.0,60
1785715967.8339858,0.001756145640772147,0.005664748745911589,-0.02146638646242687,-0.013449354372498397,2.0,1.0,60
1785715967.86901,0.001229306674993917,0.005334667855939998,-0.015026470523698808,-0.009414548060748876,2.0,1.0,60
1785715967.904009,0.0008615843053811638,0.005104278429742291,-0.010518529366589166,-0.006590183642524213,2.0,1.0,60
1785715967.939001,0.0006038946126987261,0.004942827875356133,-0.007362970556612416,-0.004613128549766949,2.0,1.0,60
1785715967.974012,0.00042354077828582676,0.004829830625646517,-0.005154079389628691,-0.0032291899848368643,2.0,1.0,60
1785715968.0090308,0.00029722414807666043,0.004750689353975269,-0.0036078555727400833,-0.0022604329893858048,2.0,1.0,60
1785715968.0440235,0.00020878327778169027,0.004695278416149698,-0.002525498900918058,-0.0015823030925700633,2.0,1.0,60
1785715968.0790658,0.00014686867379835715,0.004656487003758876,-0.0017678492306426406,-0.0011076121647990442,2.0,1.0,60
1785715968.114144,-0.0012686158489186037,0.0046294139132638515,-0.040427694633714824,-0.0007732353252601705,2.0,1.0,60
1785715968.149183,-0.002261757566087115,0.004610418710453948,-0.028299386243600375,-0.0005412647276821193,2.0,1.0,60
1785715968.18426,-0.002956686268422155,0.004597127242165907,-0.019809570370520262,-0.00037888530937748346,2.0,1.0,60
1785715968.2192729,-0.003442289104728242,0.00458783941928903,-0.013866699259364183,-0.0002652197165642384,2.0,1.0,60
1785715968.2543523,-0.0037821430074251915,0.004581339245450929,-0.009706689481554927,-0.00018565380159496687,2.0,1.0,60
1785715968.2894533,-0.0053928880899216875,0.004576746488254696,-0.045918192545299136,-0.00013092767536100833,2.0,1.0,60
1785715968.324535,-0.006521123377089369,0.004573529523143027,-0.03214273478170939,-9.164937275270582e-05,2.0,1.0,60
1785715968.3595963,-0.007310474012182726,0.004571278828201244,-0.022499914347196573,-6.415456092689407e-05,2.0,1.0,60
1785715968.394665,-0.007862660436869166,0.004569704365424235,-0.0157499400430376,-4.4908192648825845e-05,2.0,1.0,60
1785715968.4296992,-0.008249365459232105,0.004568601743852655,-0.011024958030126321,-3.143573485417809e-05,2.0,1.0,60
1785715968.4648108,-0.008519542905219599,0.0031955110457506505,-0.007714481149636491,-0.039206389965428474,2.0,1.0,60
1785715968.4999137,-0.008709249154957088,0.0022313895368871028,-0.0054001368047455435,-0.02744447297579993,2.0,1.0,60
1785715968.5350027,-0.008841884342379406,0.0015573134998405744,-0.0037800957633218803,-0.01921113108305995,2.0,1.0,60
1785715968.5700796,-0.008934878209110191,0.001084701831898129,-0.0026460670343253162,-0.013447791758141965,2.0,1.0,60
1785715968.6052046,-0.008999755498864287,0.0007549836988621801,-0.0018522469240277212,-0.009413454230699374,2.0,1.0,60
1785715968.6402795,-0.00904528465178711,0.0005235963003237954,-0.0012965728468194047,-0.006589417961489562,2.0,1.0,60
1785715968.675365,-0.009077114993695104,0.0003618287396322265,-0.0009076009927735832,-0.004612592573042693,2.0,1.0,60
1785715968.7104535,-0.009099409708182423,0.0002485229639872979,-0.0006353206949415082,-0.0032288148011298846,2.0,1.0,60
1785715968.7455032,-0.009115017094785606,0.0001692033994389507,-0.0004447244864590557,-0.002260170360790919,2.0,1.0,60
1785715968.780589,-0.009125928618325334,0.00011374906119927748,-0.00031130714052133896,-0.0015821192525536432,2.0,1.0,60
1785715968.8156965,-0.009133574250158155,7.489257592757359e-05,-0.00021791499836493726,-0.0011074834767875502,2.0,1.0,60
1785715968.8507721,-0.009138931354106535,4.7666803719231875e-05,-0.00015254049885545608,-0.0007752384337512851,2.0,1.0,60
1785715968.8858848,-0.009142674398557211,2.864397411545011e-05,-0.00010677834919881925,-0.0005426669036258996,2.0,1.0,60
1785715968.9209406,-0.009145299723318203,1.5301598345928768e-05,-7.474484443917347e-05,-0.0003798668325381297,2.0,1.0,60
1785715968.9561133,-0.009147134680076273,5.976015869138098e-06,-5.232139110742142e-05,-0.0002659067827766908,2.0,1.0,60
1785715968.991189,-0.00914842230387641,-5.67921416820026e-07,-3.6624973775194994e-05,-0.00018613474794368354,2.0,1.0,60
1785715969.0262644,-0.009149321650837197,-5.138565504853652e-06,-2.5637481642636495e-05,-0.00013029432356057846,2.0,1.0,60
1785715969.061329,-0.009149952633303048,-8.345332640283982e-06,-1.7946237149845545e-05,-9.120602649240492e-05,2.0,1.0,60
1785715969.0963395,-0.00915039201383757,-1.0578344069768686e-05,-1.256236600489188e-05,-6.384421854468344e-05,2.0,1.0,60
1785715969.131465,-0.007778261597069602,-1.2147278027717032e-05,0.03908502051937749,-4.4690952981278404e-05,2.0,1.0,60
1785715969.1665065,-0.006819922815116732,-1.3243070555781783e-05,0.027359514363564243,-3.1283667086894884e-05,2.0,1.0,60
1785715969.2014725,-0.0061487685545631105,-1.4010487921898195e-05,0.01915166005449497,-2.1898566960826417e-05,2.0,1.0,60
1785715969.2364666,-0.005680121760307874,-1.4546352341785194e-05,0.013406162038146477,-1.5328996872578493e-05,2.0,1.0,60
1785715969.271519,-0.005351163493160064,-1.4922492823600138e-05,0.009384313426702533,-1.0730297810804945e-05,2.0,1.0,60
1785715969.306574,-0.0051210374610666945,-1.5185625643882375e-05,0.006569019398691773,-7.51120846756346e-06,2.0,1.0,60
1785715969.3416579,-0.003587613377442361,-1.5403808069429083e-05,0.04378092839227926,-6.229345978926422e-06,2.0,1.0,60
1785715969.376779,-0.0025084859324993472,-1.55573511407334e-05,0.03064664987459548,-4.360542185248495e-06,2.0,1.0,60
1785715969.411768,-0.001757194628630309,-1.5664248222056697e-05,0.021452654912216835,-3.0523795296739464e-06,2.0,1.0,60
1785715969.4468231,-0.0012320966256634236,-1.5738961510546506e-05,0.015016858438551783,-2.136665670771762e-06,2.0,1.0,60
1785715969.481807,-0.000863674738660957,-1.5791382221678616e-05,0.010511800906986246,-1.4956659695402334e-06,2.0,1.0,60
1785715969.5168967,-0.0006062854085512263,-1.5828004724841898e-05,0.007358260634890372,-1.0469661786781634e-06,2.0,1.0,60
1785715969.551983,-0.0004250218490396432,-1.585379571345347e-05,0.00515078244442326,-7.328763250747143e-07,2.0,1.0,60
1785715969.5870018,-0.0002988767903167382,-1.587174419566189e-05,0.003605547711096282,-5.130134275523e-07,2.0,1.0,60
1785715969.6219795,-0.00021048665837932227,-1.5884320738306844e-05,0.0025238833977673973,-3.5910939928661e-07,2.0,1.0,60
1785715969.6571555,0.0012235728525522424,-1.5793677767944513e-05,0.04087286890408158,2.583461994746207e-06,2.0,1.0,60
1785715969.6921613,0.0022273283338481355,-1.5730233135662116e-05,0.028611008232857105,1.8084233963223448e-06,2.0,1.0,60
1785715969.7271879,0.0029291036700424444,-1.5685875840504712e-05,0.020027705762999972,1.2658963774256414e-06,2.0,1.0,60
