13_drone.mp4	5203471
14_drone.mp4	8459662
20250507_135605.mp4	11123366
54_M.mp4	675983653
IMG_3817.MP4	30119298
Kr_POSHOLD_UAPILOT_NEW_VERSION_2 (1).mp4	433531615
PXL_20250115_113942840.jpg	4309850
PXL_20250115_114021913.PORTRAIT.jpg	655124
signal-2026-02-02-181705.mp4	6176781
signal-2026-02-02-181908.mp4	7073485
signal-2026-02-02-192454.mp4	8703718
signal-2026-02-02-223733.mp4	6766723
signal-2026-02-16-102124.mp4	5533298
StabX – ENG.pdf	3170247
Stab_X_logo.mp4	82905917
StabX.pdf	3367353
WhatsApp Image 2025-12-01 at 17.53.381.jpeg	57086
WhatsApp Image 2025-12-01 at 17.53.38.jpeg	61361
відео_ніч/Видео WhatsApp 2025-05-07 в 14.07.54_54da4e58.mp4	1117565
відео_ніч/Видео WhatsApp 2025-06-24 в 15.13.25_0fe69496.mp4	2446350
відео_ніч/Видео WhatsApp 2025-06-24 в 15.14.01_8ac06ef8.mp4	959641
Изображение WhatsApp 2025-03-13 в 11.34.40_a983db98.jpg	165723
Чупакабра.mp4	365687144
